{
  "train_loss": [
    3.003585934638977,
    2.7871967554092407,
    2.5519107580184937,
    2.3920278549194336,
    2.250615954399109
  ],
  "val_loss": [
    2.8100390434265137,
    2.662126064300537,
    2.5509564876556396,
    2.4760661125183105,
    2.442659378051758
  ],
  "val_f1": [
    0.0,
    0.0,
    0.0,
    0.0,
    0.0
  ]
}